distance_km,departure_delay_min,taxi_out_min,day_of_week,is_weekend,weather_severity_score,fuel_price_index,aircraft_age_years,passenger_load_factor,arrival_delay_min
3374,0.0,10.89,7,1,0.761,1.103,24,0.752,87.72
3707,7.86,25.51,2,0,0.154,1.087,6,0.831,104.23
1060,11.8,16.39,6,1,0.487,0.886,23,0.956,57.77
1494,17.72,16.75,5,0,0.43,1.082,16,0.937,69.59
1330,20.67,24.64,2,0,0.597,0.994,17,0.751,69.02
1295,0.0,20.78,6,1,1.0,1.007,19,0.719,66.39
3972,0.0,20.28,3,0,0.769,1.007,3,0.67,95.47
3292,29.17,28.83,6,1,0.398,0.985,18,0.86,112.19
1838,14.98,14.78,7,1,0.828,1.119,7,0.643,72.6
2369,0.0,22.64,3,0,0.171,0.992,9,0.625,69.8
666,33.27,18.29,2,0,0.03,0.888,20,0.678,58.84
1438,11.74,19.34,1,0,0.204,0.961,12,0.589,54.07
530,27.69,25.64,1,0,0.34,1.018,5,0.848,49.8
1682,11.01,20.54,6,1,0.511,1.123,3,0.808,67.15
2335,40.91,20.69,1,0,0.615,1.06,11,0.741,106.12
3644,36.33,23.36,3,0,0.911,0.915,4,0.695,124.11
3371,6.27,16.18,4,0,0.51,1.249,5,0.955,85.15
3119,24.57,13.8,3,0,0.501,1.026,1,0.515,94.03
3935,19.68,12.78,4,0,0.05,1.128,18,0.885,103.62
330,30.53,8.17,2,0,0.035,0.985,12,0.951,44.38
1885,0.0,28.28,5,0,0.551,1.053,13,0.723,66.19
3580,20.29,12.48,4,0,0.438,1.084,9,0.775,106.14
969,25.88,16.89,1,0,0.839,1.122,2,0.972,62.67
2591,0.0,16.62,3,0,0.161,1.106,5,0.606,65.23
1715,0.0,19.54,2,0,0.025,1.087,13,0.76,40.43
3685,0.0,22.08,1,0,0.449,0.968,16,0.737,100.25
3053,5.96,22.3,2,0,0.237,0.943,16,0.629,82.52
2633,20.76,15.08,5,0,0.05,1.033,24,0.909,84.59
1415,32.54,17.16,7,1,0.725,1.093,3,0.95,72.31
1155,11.11,19.41,3,0,0.112,0.978,22,0.891,50.7
2524,34.43,16.76,6,1,0.608,1.107,4,0.598,99.59
1384,0.0,26.04,3,0,0.281,1.145,11,0.543,43.17
659,0.0,20.45,5,0,0.173,0.908,23,0.803,34.17
3585,9.17,21.67,3,0,0.38,0.916,14,0.529,97.52
221,15.76,21.31,6,1,0.801,0.986,3,0.836,47.21
2500,9.51,23.87,4,0,0.392,1.031,16,0.765,74.65
947,0.0,18.91,2,0,0.751,0.948,22,0.831,41.24
3104,8.66,11.52,6,1,0.125,1.135,15,0.795,79.35
3832,0.0,20.0,1,0,0.773,1.042,10,0.711,96.6
674,20.05,14.74,5,0,0.237,1.004,9,0.6,42.02
1282,15.5,15.36,4,0,0.677,0.856,11,0.653,56.54
2758,0.0,20.93,1,0,0.566,0.868,16,0.762,79.35
3953,2.29,24.19,1,0,0.929,1.028,10,0.826,114.97
2247,0.0,18.11,5,0,0.387,0.8,17,0.89,65.26
3747,9.06,19.54,4,0,0.066,1.101,19,0.884,99.46
2947,24.33,26.51,7,1,0.019,0.984,2,0.986,87.26
1175,0.0,19.2,1,0,0.827,1.3,24,0.643,52.03
2006,17.56,31.01,1,0,0.525,1.231,23,0.536,82.34
389,2.05,20.83,4,0,0.775,0.982,2,0.673,35.47
3205,0.0,9.2,3,0,0.234,0.989,6,0.872,70.19
2934,8.39,21.77,1,0,0.345,1.1,19,0.719,82.85
3205,0.0,19.91,2,0,0.03,1.17,8,0.909,78.49
762,1.7,24.45,4,0,0.961,0.836,3,0.775,54.04
2099,0.0,21.37,1,0,0.668,0.821,14,0.965,66.0
3838,39.47,17.31,5,0,0.933,0.938,16,0.974,136.63
1467,10.53,11.88,6,1,0.265,1.058,1,0.535,52.72
3079,0.0,16.95,2,0,0.611,1.05,21,0.728,88.08
1728,13.21,13.75,6,1,0.678,1.107,3,0.805,65.66
3402,8.32,15.1,6,1,0.318,0.88,22,0.628,93.13
3756,6.69,20.94,1,0,0.848,0.8,18,0.704,108.68
846,19.21,26.35,2,0,0.947,1.086,9,0.839,58.6
2268,21.36,19.97,2,0,0.885,0.917,6,0.613,89.94
3088,2.04,12.02,3,0,0.739,0.8,23,0.801,89.71
2414,1.36,20.22,6,1,0.277,1.015,21,0.849,73.53
1497,5.87,23.98,2,0,0.282,1.079,1,0.545,48.71
2635,0.0,14.95,3,0,0.963,0.988,21,0.749,85.08
800,0.0,17.33,4,0,0.01,0.954,10,0.632,33.49
2563,30.5,18.07,3,0,0.716,0.984,6,0.862,91.17
2261,34.67,14.08,5,0,0.706,0.963,23,0.595,96.01
441,6.26,21.24,7,1,0.623,0.865,12,0.946,43.27
2241,18.65,17.4,1,0,0.99,0.929,4,0.715,81.24
3024,14.67,20.1,4,0,0.312,1.052,13,0.599,93.49
3617,56.18,13.56,7,1,0.34,1.032,17,0.719,134.31
2812,26.79,15.81,7,1,0.079,1.017,8,0.704,90.82
3145,8.08,21.61,4,0,0.443,0.9,20,0.714,93.01
1563,0.0,16.14,5,0,0.261,0.982,3,0.793,47.87
2339,0.0,26.63,3,0,0.343,0.8,12,0.761,63.74
1590,13.05,16.0,1,0,0.835,1.018,7,0.575,60.29
3203,0.0,19.12,3,0,0.935,1.143,12,0.533,98.58
1678,0.0,22.66,2,0,0.186,0.853,2,0.865,58.78
3699,0.3,10.91,3,0,0.373,0.941,24,0.78,92.44
2756,0.0,9.2,4,0,0.929,1.033,14,0.68,86.42
975,35.31,10.37,1,0,0.062,1.125,22,0.904,56.6
234,23.22,24.31,3,0,0.092,0.955,23,0.694,41.04
2453,9.88,15.24,1,0,0.163,0.931,5,0.898,75.81
3352,32.2,30.79,1,0,0.595,0.803,9,0.653,123.84
2155,11.16,15.18,2,0,0.15,1.01,21,0.536,76.21
1785,0.0,18.92,2,0,0.968,1.204,11,0.966,65.33
3659,32.85,25.71,4,0,0.447,1.028,5,0.697,115.45
3273,18.08,28.03,5,0,0.502,0.998,3,0.896,103.48
1221,0.0,28.31,7,1,0.247,1.032,17,0.64,53.38
3661,7.14,24.04,1,0,0.471,0.999,2,0.823,97.96
2813,0.0,23.12,5,0,0.662,0.919,24,0.937,83.52
1329,0.0,20.96,7,1,0.751,1.082,1,0.521,51.05
1700,23.89,21.89,7,1,0.754,1.023,7,0.915,74.67
902,38.64,15.24,4,0,0.578,1.002,14,0.786,70.92
2649,0.0,13.91,7,1,0.904,0.902,5,0.804,75.32
2977,18.44,17.98,7,1,0.817,1.13,19,0.762,98.8
1779,0.24,17.15,1,0,0.757,1.066,11,0.937,63.91
361,2.69,15.73,1,0,0.056,0.945,23,0.522,28.21
401,1.11,21.48,6,1,0.007,1.1,2,0.631,18.59
2181,0.0,22.78,5,0,0.212,0.95,8,0.938,60.52
1195,10.73,18.44,3,0,0.664,0.922,9,0.876,53.0
2517,0.0,25.39,2,0,0.411,0.924,3,0.509,66.91
1015,14.06,12.29,3,0,0.402,0.823,2,0.759,35.84
3542,9.25,17.03,5,0,0.885,1.047,7,0.765,99.7
655,6.42,14.42,2,0,0.896,0.817,5,0.7,37.25
3733,0.0,8.67,3,0,0.909,0.877,21,0.649,99.51
3998,1.35,17.59,6,1,0.314,0.8,5,0.841,98.24
1475,21.33,17.39,2,0,0.691,0.991,20,0.604,67.62
1216,17.51,25.57,1,0,0.272,0.985,13,0.899,60.96
3973,0.0,21.15,3,0,0.191,0.967,21,0.902,94.41
2543,11.49,12.88,2,0,0.185,0.896,20,0.708,74.63
3996,21.27,27.27,6,1,0.342,0.883,6,0.642,114.49
2967,0.0,24.11,7,1,0.43,1.046,20,0.642,87.57
537,18.15,20.91,2,0,0.831,0.945,18,0.741,54.16
1078,0.06,16.87,2,0,0.12,1.032,2,0.86,31.89
1276,18.56,13.2,6,1,0.735,0.911,6,0.679,56.67
991,0.0,16.14,7,1,0.531,1.018,9,0.805,36.92
2464,0.0,23.44,3,0,0.288,1.13,3,0.691,75.37
963,0.0,27.42,4,0,0.493,1.059,1,0.652,38.16
2435,10.72,25.72,3,0,0.3,0.959,1,0.512,77.33
579,13.9,15.56,7,1,0.596,1.026,19,0.502,44.55
692,0.0,12.4,5,0,0.434,0.976,5,0.614,30.3
3312,19.58,18.7,6,1,0.164,1.001,13,0.703,101.81
1380,0.0,9.16,3,0,0.117,0.967,19,0.926,37.86
2262,9.01,19.62,2,0,0.547,0.984,12,0.899,77.6
264,0.0,17.26,6,1,0.902,1.021,16,0.634,46.03
2768,0.22,15.67,1,0,0.344,0.901,19,0.622,77.07
1567,10.71,10.03,7,1,0.733,0.898,3,0.614,64.88
1352,0.0,20.57,3,0,0.659,0.861,12,0.67,53.21
2227,4.23,15.34,6,1,0.932,0.84,5,0.749,66.41
2895,25.09,12.15,3,0,0.821,0.878,2,0.719,98.34
1695,1.35,5.0,6,1,0.567,1.016,22,0.609,50.92
3334,22.54,17.86,2,0,0.657,0.911,7,0.565,102.62
1362,0.0,26.86,1,0,0.898,1.051,13,0.506,57.68
1722,17.95,26.31,1,0,0.4,1.003,15,0.577,71.67
2840,31.62,15.71,5,0,0.327,0.803,22,0.853,96.16
591,0.0,14.99,6,1,0.011,1.065,3,0.622,33.92
1898,0.0,20.34,3,0,0.827,1.081,21,0.734,70.87
618,18.66,13.01,1,0,0.801,0.901,20,0.796,53.03
2536,6.95,19.51,7,1,0.104,1.042,5,0.943,69.55
578,15.57,21.83,1,0,0.577,0.914,24,0.944,56.79
1996,0.94,24.13,4,0,0.464,1.01,8,0.873,72.48
3761,11.3,17.5,4,0,0.119,0.874,22,0.518,104.81
2478,7.66,16.98,1,0,0.981,0.821,1,0.788,79.8
3265,27.52,13.61,6,1,0.215,0.962,8,0.893,107.1
2288,13.82,13.87,5,0,0.067,0.988,24,0.509,72.67
3299,15.06,16.87,1,0,0.595,0.96,18,0.775,102.96
2382,3.82,19.84,2,0,0.739,0.882,20,0.929,82.7
400,2.69,22.57,3,0,0.032,0.96,16,0.737,24.79
2063,3.51,13.98,5,0,0.659,1.027,18,0.502,55.96
979,15.92,25.46,2,0,0.532,0.996,20,0.506,56.85
3177,3.69,16.64,5,0,0.103,1.018,12,0.708,83.82
3304,14.35,17.89,2,0,0.173,0.933,13,0.578,96.5
3319,41.13,14.26,3,0,0.568,1.117,13,0.832,125.55
702,23.07,5.88,3,0,0.296,0.882,10,0.854,40.89
2654,5.11,22.42,4,0,0.938,1.049,7,0.589,92.46
3845,28.02,21.68,6,1,0.819,1.118,14,0.944,127.56
1951,3.88,16.59,2,0,0.984,1.048,24,0.721,75.4
1004,0.0,18.33,4,0,0.26,0.98,16,0.571,42.46
2346,0.0,20.58,2,0,0.97,0.947,15,0.882,69.35
2931,0.0,10.19,4,0,0.431,1.104,12,0.895,68.76
2095,4.73,15.35,3,0,0.348,0.858,9,0.82,56.08
2973,10.28,21.97,5,0,0.05,0.903,8,0.927,87.18
1770,35.15,11.73,7,1,0.053,0.96,18,0.869,74.05
1160,14.9,19.47,4,0,0.692,1.124,23,0.941,72.28
2860,6.71,11.22,2,0,0.458,1.038,18,0.717,80.47
1685,22.44,20.33,2,0,0.227,0.903,13,0.874,61.76
2890,0.0,17.82,7,1,0.614,0.969,18,1.0,77.96
1228,13.53,9.92,6,1,0.253,0.939,15,0.862,49.23
3489,21.56,23.82,3,0,0.578,0.929,4,0.557,111.38
702,0.0,14.33,2,0,0.359,1.098,17,0.759,26.77
3014,27.16,13.95,1,0,0.824,0.863,5,0.794,105.68
597,15.08,19.0,5,0,0.821,1.161,22,0.587,56.59
1070,3.77,23.74,4,0,0.477,1.083,16,0.981,45.04
3042,19.49,12.92,6,1,0.351,1.109,9,0.588,100.7
592,44.06,18.31,7,1,0.363,0.954,10,0.589,62.02
406,12.73,20.14,5,0,0.806,0.985,24,0.958,42.66
1238,13.72,21.47,3,0,0.328,0.857,18,0.733,49.15
2081,3.11,18.88,6,1,0.209,0.948,17,0.532,67.89
3825,0.0,16.16,4,0,0.085,1.049,18,0.799,91.37
3139,22.46,13.86,4,0,0.467,1.13,7,0.801,94.38
1684,0.0,18.43,7,1,0.482,0.889,4,0.532,43.96
3962,11.07,12.64,1,0,0.841,0.963,5,0.986,106.59
3846,2.84,5.0,7,1,0.221,0.985,23,0.772,103.81
1063,17.18,20.18,3,0,0.381,0.86,16,0.78,44.89
2990,15.0,22.52,6,1,0.808,1.059,3,0.76,92.93
3512,25.56,6.19,6,1,0.824,0.928,18,0.805,120.5
763,2.35,12.95,2,0,0.385,0.98,23,0.632,42.53
1220,5.95,21.1,1,0,0.459,0.955,21,0.644,50.04
295,0.0,28.29,1,0,0.303,0.921,14,0.756,29.81
2123,3.34,18.1,6,1,0.933,0.999,15,0.903,74.98
1957,15.66,14.36,6,1,0.119,0.978,17,0.525,66.4
2732,21.35,17.09,5,0,0.934,0.963,1,0.802,103.5
3678,0.0,24.87,5,0,0.684,0.927,21,0.903,104.25
2478,23.04,14.77,5,0,0.532,1.032,17,0.578,94.13
2996,30.33,14.0,1,0,0.033,1.165,23,0.508,99.49
1878,16.2,15.59,2,0,0.476,1.014,11,0.656,58.59
3442,38.15,13.23,4,0,0.408,1.1,17,0.794,111.23
740,0.0,18.61,5,0,0.161,0.861,14,0.569,25.8
1259,0.0,26.12,2,0,0.656,1.016,20,0.713,52.84
2772,0.0,19.62,7,1,0.971,0.89,19,0.776,95.91
1383,32.44,16.74,3,0,0.562,0.852,21,0.799,78.53
1922,19.82,16.54,5,0,0.715,0.926,7,0.637,74.86
3514,9.17,10.18,7,1,0.068,1.119,24,0.7,97.12
3357,14.2,22.42,4,0,0.418,1.095,13,0.889,92.61
2019,0.0,17.61,3,0,0.116,1.024,18,0.971,53.88
2825,46.69,17.1,3,0,0.613,0.847,23,0.931,115.3
2929,11.94,33.97,4,0,0.938,0.98,14,0.782,105.38
2804,11.64,19.49,5,0,0.662,1.03,1,0.705,89.85
1797,20.89,14.24,1,0,0.077,1.018,7,0.666,65.38
3260,17.22,15.87,4,0,0.355,0.816,8,0.562,97.06
2893,13.36,23.74,4,0,0.551,0.911,18,0.553,92.27
995,0.0,18.57,4,0,0.403,0.994,9,0.844,39.54
1251,17.07,10.81,3,0,0.834,1.054,1,0.63,52.69
1843,38.23,22.6,2,0,0.815,0.8,22,0.627,100.93
3827,30.18,14.66,7,1,0.612,0.984,17,0.999,119.79
1563,33.9,27.37,1,0,0.373,1.014,19,0.594,77.76
2181,2.33,23.4,5,0,0.255,1.085,6,0.574,63.0
1554,0.0,15.76,5,0,0.106,1.069,3,0.549,31.88
1863,8.11,24.41,7,1,0.355,1.058,24,0.79,75.85
1729,10.84,18.34,2,0,0.413,0.92,5,0.814,64.1
2238,26.41,22.26,4,0,0.676,0.809,2,0.683,89.44
3619,0.0,20.42,1,0,0.658,0.961,20,0.768,90.35
1696,32.94,13.77,5,0,0.07,1.1,4,0.894,65.91
3502,7.63,14.78,7,1,0.395,1.139,10,0.909,92.67
2437,3.6,23.15,6,1,0.182,1.071,10,0.979,67.6
3496,0.0,16.33,7,1,0.157,1.043,24,0.912,79.19
1608,0.0,15.98,5,0,0.827,1.038,21,0.782,52.28
1600,22.35,13.22,4,0,0.042,0.944,11,0.59,59.0
1506,11.1,20.12,6,1,0.419,0.987,16,0.55,53.73
2880,0.0,28.31,2,0,0.168,1.167,17,0.527,86.24
2875,0.0,12.66,1,0,0.879,0.906,16,0.833,84.29
1172,4.96,18.12,2,0,0.557,1.161,7,0.904,42.91
1968,35.04,25.06,2,0,0.231,0.968,16,0.754,94.04
1482,6.11,17.6,7,1,0.502,1.133,3,0.527,56.6
3630,0.0,20.26,1,0,0.731,0.859,16,0.768,99.95
909,6.31,12.69,1,0,0.958,1.059,8,0.968,46.15
1679,5.91,20.14,5,0,0.22,0.926,12,0.799,53.79
1634,0.0,17.06,5,0,0.886,0.858,3,0.905,52.71
848,9.19,22.93,1,0,0.934,1.022,17,0.9,48.2
517,6.54,23.94,6,1,0.916,1.101,21,0.966,55.23
3948,20.44,30.95,3,0,0.635,0.916,18,0.885,123.12
3496,37.73,20.9,5,0,0.63,0.85,11,0.874,123.44
1457,26.9,19.63,3,0,0.403,0.991,4,0.617,63.17
883,5.97,18.97,7,1,0.752,0.991,16,0.53,46.71
863,0.0,16.23,6,1,0.531,1.055,17,0.759,52.7
2198,48.6,19.69,1,0,0.677,1.095,9,0.562,101.92
3645,10.89,16.52,6,1,0.428,0.994,6,0.981,105.34
3943,10.21,18.84,5,0,0.731,1.186,24,0.645,114.48
1831,9.64,24.59,2,0,0.824,1.022,20,0.926,78.39
1695,12.97,12.97,7,1,0.146,0.965,2,0.694,59.78
3504,7.83,23.7,1,0,0.833,0.839,9,0.662,104.75
3963,1.4,24.59,4,0,0.54,0.974,21,0.968,105.31
1336,1.8,17.41,7,1,0.845,0.966,6,0.682,50.4
2053,9.51,7.39,3,0,0.431,1.096,3,0.695,58.97
1720,1.85,14.96,6,1,0.379,1.046,20,0.553,64.37
2689,0.0,24.48,1,0,0.915,0.882,6,0.835,74.13
763,11.6,17.89,7,1,0.251,1.017,7,0.644,30.49
1491,6.18,13.0,6,1,0.844,1.067,1,0.793,45.7
3781,32.56,15.48,1,0,0.484,1.153,23,0.796,119.1
3657,0.0,22.2,5,0,0.514,1.089,1,0.86,95.75
3658,26.37,20.73,7,1,0.308,1.076,5,0.873,114.56
3384,28.69,16.81,5,0,0.573,1.006,6,0.757,106.39
1836,0.0,16.17,7,1,0.325,1.039,13,0.665,53.44
3896,4.86,16.04,5,0,0.039,1.125,2,0.919,85.44
3199,4.43,13.39,6,1,0.272,0.867,15,0.655,77.68
3352,0.0,26.08,4,0,0.006,0.965,15,0.754,87.57
898,0.0,16.39,7,1,0.978,0.923,13,0.701,49.97
2360,0.0,24.09,7,1,0.966,1.038,14,0.928,75.55
201,36.28,25.61,5,0,0.395,1.123,22,0.716,66.55
841,24.04,22.99,1,0,0.728,0.94,7,0.693,65.4
2467,29.07,15.84,7,1,0.346,0.8,14,0.845,97.87
1789,20.83,20.02,5,0,0.671,0.959,24,0.801,78.21
1054,0.0,17.88,2,0,0.805,1.091,10,0.554,52.7
1959,2.13,13.48,5,0,0.947,1.054,17,0.754,77.83
3496,17.34,19.62,6,1,0.4,1.043,14,0.868,101.74
2632,0.0,12.1,4,0,0.783,0.972,8,0.996,72.07
3674,20.69,23.94,2,0,0.266,0.872,4,0.815,102.46
1861,6.4,15.68,6,1,0.99,1.052,16,0.685,64.11
1353,4.38,19.01,6,1,0.026,0.917,24,0.613,41.99
1276,20.66,19.42,6,1,0.604,1.218,13,0.936,60.66
1907,16.66,16.71,1,0,0.66,1.057,22,0.907,77.69
2977,4.59,20.93,6,1,0.688,0.942,20,0.617,86.15
1895,27.39,15.63,1,0,0.12,0.939,18,0.6,76.05
1933,0.0,22.36,6,1,0.939,0.991,14,0.858,69.44
1639,19.24,11.27,3,0,0.181,0.976,18,0.657,59.57
2494,18.9,18.63,2,0,0.623,1.112,5,0.653,84.84
1035,5.36,27.69,3,0,0.223,1.019,9,0.576,42.23
3710,14.89,13.0,6,1,0.307,0.927,3,0.632,96.57
402,0.0,14.61,2,0,0.546,1.189,8,0.714,21.9
3455,23.86,20.57,2,0,0.417,1.005,20,0.866,111.15
322,7.23,18.9,7,1,0.16,1.077,22,0.668,27.67
600,2.16,19.75,4,0,0.171,0.939,10,0.664,23.34
966,25.74,20.45,3,0,0.418,1.036,22,0.642,65.97
493,0.0,21.17,4,0,0.757,1.031,19,0.739,40.64
2527,0.0,23.55,2,0,0.898,0.811,21,0.59,87.64
3131,0.0,20.05,1,0,0.084,1.202,3,0.743,69.68
3881,19.09,16.79,2,0,0.393,1.129,11,0.852,108.08
397,0.0,21.36,4,0,0.1,0.96,11,0.515,24.58
3229,36.32,27.5,3,0,0.017,0.89,17,0.505,110.23
2130,0.0,17.34,6,1,0.662,1.035,16,0.538,68.85
3782,35.45,13.13,7,1,0.602,1.009,7,0.768,124.19
2999,13.17,23.54,7,1,0.163,1.036,4,0.927,88.32
2391,8.55,17.4,7,1,0.234,1.019,23,0.502,81.06
808,1.83,7.14,6,1,0.024,1.051,19,0.968,30.47
3472,15.99,22.24,7,1,0.835,1.145,12,0.553,110.24
1347,9.44,15.32,3,0,0.975,1.057,15,0.921,60.3
386,26.55,17.55,6,1,0.135,0.895,11,0.741,42.45
3597,11.71,19.66,7,1,0.231,1.136,5,0.83,90.79
2711,12.25,18.95,6,1,0.868,1.164,5,0.755,79.2
3620,4.55,21.55,4,0,0.926,1.3,15,0.739,107.53
1994,9.15,15.82,3,0,0.42,0.888,18,0.917,72.92
859,14.62,20.57,5,0,0.051,1.024,11,0.878,41.57
3011,0.0,16.7,1,0,0.039,0.8,12,0.742,80.7
3202,0.0,21.69,7,1,0.574,1.055,2,0.556,83.21
2155,21.15,21.08,1,0,0.393,0.945,20,0.558,72.68
2650,12.56,13.32,6,1,0.029,1.192,15,0.901,79.23
1569,7.24,23.43,1,0,0.583,0.923,20,0.765,61.24
2186,10.28,15.32,3,0,0.011,0.831,4,0.741,66.01
1734,15.21,22.04,3,0,0.787,0.953,22,0.84,69.89
346,1.9,19.84,2,0,0.306,0.802,18,0.929,30.42
3419,0.0,27.19,7,1,0.04,1.075,6,0.814,80.38
3111,12.94,16.88,2,0,0.588,0.8,23,0.881,97.74
1934,0.0,16.25,1,0,0.398,1.003,19,0.883,62.31
2043,16.12,17.9,5,0,0.974,0.8,11,0.678,83.29
688,0.0,16.48,2,0,0.544,0.968,24,0.637,37.71
3176,25.44,22.0,2,0,0.275,1.164,2,0.901,92.71
2159,17.09,9.92,3,0,0.709,1.036,8,0.689,78.5
1863,13.84,12.73,5,0,0.271,0.914,11,0.952,67.23
2798,24.74,12.66,6,1,0.904,0.997,5,0.535,91.93
2585,34.98,22.75,1,0,0.375,1.002,18,0.529,97.6
3119,25.22,26.55,2,0,0.55,1.047,23,0.964,116.34
840,0.0,17.48,5,0,0.051,0.863,18,0.824,30.66
2002,0.0,17.16,7,1,0.426,1.059,14,0.69,54.86
2720,0.63,18.35,5,0,0.832,0.8,22,0.878,84.53
2169,10.39,23.81,1,0,0.806,0.937,10,0.836,75.49
2398,17.76,13.36,5,0,0.224,0.951,3,0.766,73.92
1638,0.0,19.19,5,0,0.226,1.063,9,0.549,46.38
3569,12.8,22.88,5,0,0.817,1.002,3,0.906,104.58
1834,0.0,20.51,7,1,0.93,0.859,11,0.933,69.74
462,0.83,18.95,2,0,0.095,0.902,12,0.586,12.06
1987,0.0,23.01,1,0,0.45,1.02,12,0.925,64.37
2391,0.0,5.0,7,1,0.337,0.992,3,0.939,61.01
2593,0.0,21.39,5,0,0.871,0.942,21,0.775,78.81
823,0.0,14.73,5,0,0.084,0.952,7,0.828,31.87
1216,25.8,8.85,2,0,0.211,1.07,14,0.691,51.96
3843,0.0,20.56,1,0,0.752,0.948,24,0.641,102.33
1080,49.49,24.87,3,0,0.051,0.991,11,0.861,73.82
2249,17.4,17.31,7,1,0.493,1.217,7,0.931,81.8
3144,12.77,22.76,2,0,0.442,0.858,21,0.827,88.69
1527,0.0,26.06,1,0,0.334,0.815,10,0.756,59.79
2501,20.5,24.57,7,1,0.395,1.078,11,0.579,86.4
3923,1.37,26.2,5,0,0.53,0.932,15,0.527,108.18
652,11.83,21.71,1,0,0.161,0.968,19,0.723,44.12
3308,48.4,18.38,1,0,0.572,0.922,16,0.525,128.21
1383,8.56,9.99,6,1,0.805,0.974,22,0.785,55.18
3262,27.24,16.77,1,0,0.76,1.16,21,0.691,119.33
2256,0.0,13.78,3,0,0.154,1.08,20,0.879,57.75
3504,9.48,28.85,1,0,0.149,1.086,12,0.653,94.27
3370,36.56,17.12,3,0,0.268,0.858,18,0.796,119.02
1882,0.6,18.62,5,0,0.361,0.885,23,0.769,60.47
3063,37.19,20.76,3,0,0.408,0.8,13,0.502,118.2
2455,20.62,18.22,7,1,0.68,0.919,5,0.536,86.08
1354,1.56,26.48,5,0,0.057,1.096,4,0.645,40.36
603,19.49,14.89,5,0,0.035,1.052,14,0.941,41.19
2399,24.59,18.97,3,0,0.392,0.978,8,0.574,83.18
2301,19.33,14.29,2,0,0.697,0.998,9,0.855,78.67
3391,0.0,11.4,4,0,0.193,0.931,19,0.987,86.28
1896,0.0,14.94,1,0,0.642,1.02,3,0.895,65.07
827,6.29,17.81,6,1,0.26,1.077,5,0.621,34.64
786,8.88,15.85,4,0,0.886,0.838,21,0.954,45.47
1848,19.31,14.54,1,0,0.896,1.03,18,0.547,77.75
1643,12.67,10.97,1,0,0.297,1.093,1,0.734,55.81
1645,0.0,17.58,5,0,0.23,0.958,8,0.944,48.83
303,15.7,10.48,1,0,0.411,1.07,19,0.821,41.7
453,19.16,21.8,6,1,0.241,1.281,17,0.707,47.32
3498,18.4,18.41,1,0,0.672,0.99,17,0.646,103.55
3383,26.21,10.71,3,0,0.826,1.039,11,0.688,107.21
2757,22.51,16.45,4,0,0.673,0.926,2,0.754,85.17
1696,16.89,14.24,3,0,0.824,1.018,6,0.66,74.44
298,8.95,19.6,6,1,0.397,1.046,22,0.984,25.51
2400,0.0,24.7,1,0,0.156,1.019,14,0.967,60.48
2084,16.44,8.62,7,1,0.738,0.898,3,0.935,68.56
3161,13.12,18.58,6,1,0.36,1.021,12,0.711,94.83
2119,14.07,17.2,5,0,0.671,1.146,4,0.846,70.9
1077,0.0,21.36,3,0,0.271,1.045,12,0.951,38.05
537,0.0,19.07,3,0,0.081,1.096,13,0.925,23.66
3977,25.8,14.24,2,0,0.993,0.976,2,0.707,123.65
3069,9.41,16.4,1,0,0.156,1.075,2,0.556,73.95
3434,20.22,14.02,5,0,0.988,1.028,15,0.538,106.46
3991,10.42,23.38,7,1,0.977,0.905,23,0.789,129.81
1156,10.45,18.11,3,0,0.794,1.032,17,0.821,59.55
1904,24.07,27.51,3,0,0.659,0.901,7,0.925,86.89
360,2.26,17.7,5,0,0.578,0.937,14,0.646,31.01
1803,11.44,14.46,6,1,0.866,1.019,12,0.584,68.33
3048,3.07,10.43,6,1,0.289,1.03,17,0.69,80.36
597,3.48,8.98,1,0,0.468,0.881,14,0.677,34.07
1500,5.36,10.08,2,0,0.619,1.105,6,0.566,54.65
1015,13.33,19.34,3,0,0.411,1.057,19,0.836,51.87
1727,2.82,20.54,2,0,0.427,0.93,24,0.754,65.46
2119,28.84,10.09,6,1,0.33,0.846,6,0.861,64.92
1615,0.0,22.48,6,1,0.564,0.986,18,0.676,61.86
1358,7.2,15.58,4,0,0.851,0.955,24,0.663,58.53
1418,3.4,18.73,7,1,0.202,1.011,5,0.736,47.74
600,31.7,26.06,1,0,0.934,0.964,24,0.939,68.36
839,12.95,22.48,4,0,0.689,0.8,24,0.52,49.28
3304,25.48,16.66,7,1,0.823,0.961,6,0.902,110.64
2935,0.0,13.54,4,0,0.556,0.969,2,0.684,66.91
659,14.01,7.24,4,0,0.78,1.063,8,0.927,40.1
1154,23.34,14.4,1,0,0.016,0.93,15,0.901,49.64
669,11.23,16.94,1,0,0.818,1.168,15,0.674,46.74
3646,25.98,13.06,5,0,0.04,0.809,11,0.847,108.13
1245,2.24,17.34,2,0,0.89,1.131,22,0.58,52.86
2997,31.14,18.38,2,0,0.992,0.978,22,0.948,117.1
1893,44.48,16.88,5,0,0.294,1.086,24,0.702,97.19
2285,4.56,14.75,5,0,0.21,1.008,1,0.728,57.14
2477,3.32,18.84,6,1,0.765,1.114,18,0.853,75.53
3636,31.8,20.21,7,1,0.253,0.961,12,0.91,122.51
762,33.69,12.55,4,0,0.866,0.89,12,0.618,64.66
2685,2.16,25.05,5,0,0.103,1.142,11,0.831,75.34
1999,3.7,17.51,3,0,0.126,0.989,8,0.696,58.49
3554,5.77,18.09,2,0,0.979,1.022,7,0.684,95.54
2274,0.0,21.54,5,0,0.674,1.123,23,0.845,69.45
425,0.0,19.17,3,0,0.847,0.897,21,0.694,38.96
3548,0.0,22.77,3,0,0.324,1.06,2,0.673,77.47
997,0.0,19.44,3,0,0.676,0.941,11,0.918,42.05
3880,9.48,14.94,6,1,0.594,0.987,22,0.551,103.84
2531,13.51,19.81,6,1,0.603,1.007,10,0.838,88.93
3126,33.26,12.28,3,0,0.683,0.85,3,0.624,108.14
1159,0.0,18.54,7,1,0.575,0.922,20,0.508,53.04
1704,24.76,17.83,6,1,0.429,1.135,10,0.583,72.05
652,6.79,16.96,4,0,0.276,1.089,18,0.803,35.92
3267,9.26,17.36,3,0,0.769,0.994,14,0.855,95.63
1015,20.12,8.59,4,0,0.226,1.024,18,0.511,46.97
858,0.0,15.26,4,0,0.692,0.971,24,0.518,55.8
3787,15.74,18.46,3,0,0.233,1.136,8,0.951,107.5
746,12.5,18.8,2,0,0.625,0.98,10,0.537,41.37
1415,17.39,12.86,7,1,0.747,1.023,22,0.947,79.64
3320,14.34,24.33,3,0,0.219,1.115,13,0.614,95.19
3783,46.83,13.67,3,0,0.06,0.922,21,0.87,128.76
216,0.43,22.85,6,1,0.131,1.156,8,0.655,25.15
3443,2.04,20.14,3,0,0.606,0.847,4,0.929,83.16
1443,0.65,14.77,2,0,0.849,1.163,4,0.85,46.57
2405,1.67,26.88,6,1,0.045,0.963,5,0.701,73.29
2724,0.44,12.03,1,0,0.734,0.976,1,0.538,71.04
1269,27.84,22.6,1,0,0.341,0.811,17,0.866,74.16
3644,31.31,23.0,4,0,0.479,0.955,2,0.808,114.94
2765,1.44,14.65,7,1,0.929,0.896,8,0.501,79.63
2346,0.0,24.96,4,0,0.332,0.939,7,0.505,75.41
1968,17.07,16.75,2,0,0.465,0.986,15,0.904,75.06
1260,1.72,19.44,5,0,0.014,1.096,5,0.63,36.28
2527,19.49,19.3,7,1,0.082,1.021,2,0.818,74.19
3620,13.04,17.33,1,0,0.259,1.031,7,0.727,94.52
2744,0.0,22.05,4,0,0.028,0.89,8,0.932,74.93
501,33.21,21.97,1,0,0.631,0.912,7,0.958,62.97
380,36.94,9.26,2,0,0.426,1.18,7,0.998,44.53
806,0.81,24.52,2,0,0.548,0.926,14,0.577,41.89
3370,4.18,9.69,5,0,0.175,1.166,21,0.931,84.18
899,14.29,23.16,5,0,0.296,0.976,18,0.633,52.41
1192,15.02,23.63,6,1,0.664,1.0,6,0.795,56.41
1339,19.88,12.55,7,1,0.965,1.107,4,0.753,70.12
390,40.15,15.95,2,0,0.05,1.127,10,0.509,51.64
2500,7.35,12.47,4,0,0.89,0.989,18,0.966,82.74
1180,0.0,16.93,1,0,0.577,0.961,12,0.539,40.39
3175,0.0,16.46,3,0,0.564,0.994,16,0.844,81.32
2206,0.0,21.9,5,0,0.5,1.034,7,0.893,77.96
1384,9.5,24.55,3,0,0.069,1.089,6,0.898,59.4
3527,36.92,24.98,4,0,0.09,1.0,5,0.568,115.06
3594,2.24,15.19,5,0,0.601,1.062,3,0.724,98.84
327,13.36,16.95,3,0,0.341,1.164,12,0.915,40.48
2265,9.75,9.58,7,1,0.917,1.038,15,0.651,73.03
2016,27.83,13.97,4,0,0.407,1.031,10,0.734,75.04
1958,47.9,22.82,1,0,0.143,0.848,20,0.636,100.39
2813,2.04,26.08,7,1,0.715,0.8,19,0.732,88.65
769,2.66,11.83,4,0,0.293,1.039,16,0.944,30.61
1546,25.66,15.04,6,1,0.525,0.991,11,0.728,73.76
2095,20.23,17.87,5,0,0.698,0.949,8,0.778,72.67
2933,37.7,19.4,2,0,0.9,1.024,3,0.702,113.5
825,18.76,13.95,1,0,0.792,0.994,23,0.73,51.07
3559,4.61,20.12,7,1,0.676,1.113,7,0.508,91.14
3101,18.86,15.63,7,1,0.68,1.009,23,0.642,98.48
1886,26.63,17.93,3,0,0.946,0.925,7,0.718,86.09
3209,22.31,20.73,5,0,0.296,1.099,14,0.817,97.65
3910,17.61,18.03,2,0,0.001,0.978,2,0.725,95.83
354,26.0,15.82,4,0,0.272,1.053,10,0.669,45.25
2737,27.54,17.45,2,0,0.218,0.952,19,0.694,101.93
1609,30.73,17.56,5,0,0.662,0.935,9,0.621,81.37
984,19.73,16.15,5,0,0.634,1.008,16,0.962,66.85
3375,7.49,16.71,6,1,0.593,1.001,19,0.761,103.5
3664,12.2,25.99,6,1,0.016,1.048,18,0.507,99.24
445,28.1,20.8,2,0,0.729,0.973,9,0.51,58.57
3447,0.0,16.52,4,0,0.324,0.816,16,0.986,86.4
3310,15.53,21.48,2,0,0.665,0.957,13,0.611,108.55
1700,4.1,16.33,5,0,0.557,1.079,10,0.903,56.34
1905,10.43,23.87,5,0,0.343,0.97,20,0.529,65.58
3006,29.18,19.85,3,0,0.135,0.975,14,0.961,106.47
737,12.87,17.46,6,1,0.094,1.099,12,0.937,40.37
2090,10.7,20.24,3,0,0.832,0.929,19,0.786,75.33
2041,0.0,10.15,1,0,0.918,0.846,7,0.504,59.28
1120,21.19,12.37,5,0,0.65,0.984,23,0.629,58.84
2655,19.68,12.03,3,0,0.103,0.952,15,0.703,75.9
724,42.45,18.71,2,0,0.402,0.903,16,0.73,66.24
3075,5.38,26.66,6,1,0.729,0.982,8,0.649,94.34
1729,13.29,29.16,6,1,0.78,1.049,10,0.516,74.81
3150,13.74,21.19,4,0,0.118,0.999,4,0.795,85.37
235,33.66,20.5,2,0,0.0,1.031,19,0.762,55.06
884,8.57,8.99,4,0,0.712,1.181,19,0.642,35.36
219,14.19,15.29,3,0,0.357,0.966,21,0.519,36.55
2568,19.12,14.06,7,1,0.254,1.028,15,0.997,81.29
2759,12.8,14.9,1,0,0.013,0.949,14,0.741,72.41
599,3.3,17.16,2,0,0.54,0.915,1,0.878,33.43
2901,12.91,15.64,2,0,0.851,0.942,16,0.726,92.64
1171,26.1,8.1,2,0,0.958,0.952,10,0.522,71.96
2106,0.0,21.74,4,0,0.566,1.036,19,0.655,71.52
2718,11.99,12.64,3,0,0.514,1.235,22,0.66,94.12
1366,0.0,19.2,2,0,0.085,0.928,3,0.919,36.68
1315,27.93,28.37,7,1,0.549,0.958,5,0.827,79.54
3625,0.0,13.4,2,0,0.38,0.994,9,0.638,81.77
1033,1.62,5.35,6,1,0.607,1.04,18,0.984,38.58
2023,15.66,16.57,1,0,0.389,1.026,11,0.661,68.08
2974,33.48,23.5,6,1,0.24,1.128,16,0.999,109.44
2182,9.01,27.79,6,1,0.095,0.8,2,0.998,69.66
1053,1.67,11.85,1,0,0.315,0.8,12,0.596,32.14
250,38.22,20.48,7,1,0.097,0.95,22,0.656,57.16
3936,0.0,15.67,3,0,0.177,1.11,6,0.743,89.11
3969,0.0,17.47,6,1,0.987,0.843,11,0.832,102.14
774,16.6,31.22,3,0,0.444,0.8,8,0.764,53.37
3461,2.47,10.49,6,1,0.532,1.057,12,0.985,80.63
1348,0.0,19.27,5,0,0.874,1.024,2,0.862,54.96
2397,20.63,20.34,1,0,0.996,0.891,9,0.606,91.96
2561,13.66,23.43,6,1,0.583,0.901,15,0.553,86.93
2817,1.54,18.49,5,0,0.812,0.903,2,0.844,79.17
3613,0.0,19.54,4,0,0.327,1.011,1,0.579,95.47
2552,23.09,16.04,5,0,0.306,0.937,10,0.894,92.71
1915,19.75,19.35,2,0,0.403,1.049,2,0.656,77.17
881,8.51,16.28,6,1,0.673,0.8,12,0.663,45.83
1037,37.7,21.11,5,0,0.682,0.914,23,0.505,73.01
1277,0.0,16.15,3,0,0.315,0.887,8,0.851,40.66
3250,0.0,19.89,4,0,0.133,0.974,5,0.557,80.01
2691,0.0,17.85,7,1,0.632,0.946,22,0.886,82.9
2860,9.32,23.63,6,1,0.128,1.08,1,0.746,80.25
3240,13.65,17.74,2,0,0.578,0.814,15,0.892,92.64
2511,6.38,9.13,7,1,0.693,1.005,6,0.792,69.42
3324,15.28,24.31,5,0,0.701,1.056,12,0.541,101.84
1795,0.0,13.47,7,1,0.753,1.186,8,0.883,59.03
3251,31.66,14.73,7,1,0.873,0.952,13,0.535,117.52
3891,8.77,15.02,4,0,0.5,1.032,19,0.739,109.02
204,26.76,24.87,7,1,0.73,0.82,1,0.586,50.68
1326,15.14,7.32,7,1,0.619,0.8,11,0.876,44.59
1419,16.85,33.69,6,1,0.187,1.084,20,0.956,58.88
973,18.55,23.28,4,0,0.026,0.999,1,0.777,45.92
1076,16.72,19.12,2,0,0.285,1.118,8,0.764,51.61
1191,19.64,17.73,5,0,0.443,0.863,5,0.882,62.81
3131,29.94,19.43,4,0,0.617,1.052,17,0.503,111.03
3621,12.95,20.61,4,0,0.85,1.187,8,0.959,103.35
246,20.64,21.23,1,0,0.196,1.042,10,0.599,41.3
3114,8.65,20.78,4,0,0.126,1.028,2,0.992,81.99
3070,31.6,18.45,1,0,0.963,1.001,9,0.868,111.05
3183,0.0,17.01,5,0,0.108,0.843,24,0.887,72.91
2903,37.01,17.24,7,1,0.478,1.136,23,0.828,110.8
468,9.4,17.03,6,1,0.586,0.939,3,0.736,36.22
569,0.0,23.67,6,1,0.541,1.05,18,0.786,31.75
835,11.92,20.97,5,0,0.086,0.844,7,0.523,43.83
1329,0.0,5.0,5,0,0.057,0.882,15,0.812,37.71
1893,22.61,21.28,3,0,0.105,1.144,21,0.813,74.71
1882,0.21,18.97,7,1,0.586,0.965,22,0.946,62.74
856,3.31,17.91,5,0,0.544,1.145,20,0.753,47.61
319,0.0,16.06,4,0,0.234,0.992,18,0.539,25.15
1030,3.22,23.62,6,1,0.638,0.816,3,0.653,41.94
2010,0.0,22.74,2,0,0.82,1.089,23,0.828,69.78
3875,0.0,14.14,6,1,0.042,0.941,14,0.62,92.18
1281,21.41,20.04,1,0,0.498,1.07,24,0.64,57.27
2174,21.79,13.14,6,1,0.689,1.003,2,0.91,73.76
1569,16.38,11.1,3,0,0.252,0.846,14,0.792,61.43
940,0.0,14.87,7,1,0.308,1.016,22,0.754,43.49
3745,9.28,22.31,5,0,0.614,1.22,11,0.659,111.09
316,9.95,22.77,7,1,0.898,1.049,16,0.865,48.4
2053,0.0,20.57,5,0,0.81,0.994,8,0.644,66.54
3038,32.55,21.63,6,1,0.583,1.108,7,0.869,103.32
1350,23.16,20.58,2,0,0.73,1.021,11,0.535,69.09
3664,6.69,14.79,2,0,0.365,1.021,3,0.932,82.43
2131,10.4,20.16,3,0,0.641,0.891,17,0.75,82.24
1212,13.13,22.0,1,0,0.466,1.023,14,0.719,52.85
1864,0.0,21.77,6,1,0.19,1.104,6,0.806,50.15
1281,6.29,23.94,5,0,0.702,0.916,8,0.812,60.85
833,0.0,21.54,6,1,0.556,1.142,22,0.566,34.3
712,0.0,19.76,3,0,0.359,0.991,5,0.878,25.05
3049,5.78,23.35,4,0,0.911,0.911,8,0.638,94.69
1319,36.97,17.87,4,0,0.021,1.1,2,0.952,68.4
3909,19.61,13.59,3,0,0.316,0.971,15,0.909,109.54
1341,1.43,17.18,5,0,0.057,1.076,12,0.673,40.82
759,18.59,14.28,7,1,0.767,0.971,17,0.904,60.13
3872,30.99,14.62,3,0,0.702,0.994,1,0.678,123.56
687,23.87,17.28,5,0,0.331,1.049,15,0.55,53.45
3508,10.89,14.04,2,0,0.676,1.029,14,0.981,104.11
1096,0.3,16.46,3,0,0.396,0.8,20,0.826,40.82
3543,20.47,8.53,5,0,0.756,0.888,22,0.728,120.31
1412,15.9,19.07,3,0,0.454,1.093,16,0.699,50.57
903,23.43,18.01,3,0,0.412,0.987,9,0.662,61.98
1670,19.53,13.91,7,1,0.935,0.948,1,0.991,74.81
780,25.74,21.3,7,1,0.251,0.864,17,0.567,56.95
3037,1.97,22.69,5,0,0.12,0.892,13,0.657,79.77
3108,29.76,9.96,5,0,0.585,0.8,21,0.743,105.24
2494,12.96,14.19,1,0,0.969,0.99,21,0.739,93.7
3347,41.13,14.15,3,0,0.378,0.94,5,0.736,113.89
353,0.0,13.3,4,0,0.062,0.903,10,0.588,14.0
1879,36.04,22.15,3,0,0.339,0.993,6,0.572,88.88
3706,12.97,17.03,3,0,0.506,1.036,24,0.627,115.72
1196,0.23,16.68,5,0,0.162,1.209,19,0.957,30.93
3357,2.74,7.98,3,0,0.658,0.849,13,0.557,98.88
2944,5.19,21.18,6,1,0.998,1.116,1,0.879,83.71
3556,16.36,11.8,3,0,0.452,1.097,20,0.879,98.09
1443,17.84,18.3,6,1,0.355,0.922,15,0.905,55.88
1292,1.39,19.39,7,1,0.401,1.02,14,0.943,46.86
3318,9.63,24.8,4,0,0.115,0.954,8,0.632,84.2
1208,42.13,11.46,5,0,0.883,1.019,10,0.612,74.05
2341,35.91,5.0,3,0,0.415,1.151,9,0.733,83.53
1973,16.54,18.92,6,1,0.387,1.061,17,0.633,73.76
1157,10.57,27.0,6,1,0.66,1.051,9,0.867,58.87
3259,11.8,24.19,7,1,0.442,0.957,3,0.818,100.45
652,19.2,19.05,6,1,0.648,0.852,11,0.937,57.04
1427,0.0,15.54,2,0,0.061,0.979,12,0.541,45.96
3159,6.14,22.04,1,0,0.814,1.121,10,0.958,93.01
2465,0.0,13.13,4,0,0.941,0.847,17,0.647,65.87
2721,15.99,20.38,7,1,0.649,0.894,17,0.745,82.92
2679,19.71,20.53,7,1,0.955,1.013,11,0.719,102.32
2588,2.75,23.3,3,0,0.151,0.902,22,0.88,78.7
750,33.61,31.8,2,0,0.477,0.921,4,0.71,63.06
1835,0.0,19.96,3,0,0.602,0.958,7,0.972,50.6
1512,0.0,15.46,3,0,0.582,0.863,21,0.951,47.76
3525,13.37,17.87,5,0,0.401,0.903,14,0.936,101.22
1957,25.71,9.15,5,0,0.338,1.07,7,0.536,72.34
556,35.26,14.53,5,0,0.127,0.869,24,0.927,60.91
2270,3.12,15.95,2,0,0.392,0.84,8,0.891,61.89
1985,26.18,15.38,3,0,0.163,0.937,1,0.552,69.85
2769,9.42,18.76,1,0,0.734,1.073,24,0.554,96.14
1981,7.41,13.89,4,0,0.209,0.98,22,0.551,51.6
3371,23.25,23.61,5,0,0.059,0.954,4,0.506,101.49
3049,19.78,18.0,5,0,0.552,1.004,12,0.774,96.02
3451,0.0,17.95,7,1,0.595,0.825,24,0.987,97.69
3494,32.15,16.36,3,0,0.872,1.049,3,0.719,120.32
3009,30.7,18.78,3,0,0.577,1.038,13,0.77,103.2
3930,0.62,22.13,2,0,0.345,0.959,20,0.984,98.8
2689,15.94,13.66,2,0,0.803,1.101,6,0.628,75.7
1831,17.41,14.71,5,0,0.54,0.887,11,0.929,73.06
3016,13.91,16.48,3,0,0.079,1.113,23,0.773,88.98
1215,1.75,11.27,1,0,0.566,1.015,4,0.785,48.01
1548,0.0,13.9,4,0,0.908,0.966,20,0.672,55.54
715,9.62,15.62,3,0,0.396,0.998,16,0.781,45.12
3287,27.59,22.37,7,1,0.296,0.989,7,0.537,100.19
3039,18.15,19.31,3,0,0.143,1.122,22,0.882,80.19
535,4.44,18.97,6,1,0.151,0.892,11,0.642,28.84
1982,21.58,22.25,2,0,0.433,0.924,24,0.944,78.89
2505,0.0,17.31,7,1,0.596,1.104,1,0.684,62.74
696,27.23,19.95,4,0,0.081,0.94,7,0.571,53.48
1095,0.0,17.48,5,0,0.94,1.09,12,0.848,54.38
2407,4.56,19.33,7,1,0.755,1.17,7,0.582,75.41
3746,0.0,15.09,3,0,0.587,0.96,23,0.877,97.25
1051,0.0,5.81,5,0,0.828,1.068,7,0.984,38.76
1887,27.41,17.33,3,0,0.08,0.885,10,0.89,69.27
2131,2.98,25.11,5,0,0.477,1.075,16,0.511,72.33
2937,15.2,22.63,4,0,0.63,1.02,8,0.8,86.37
3946,9.3,22.83,2,0,0.829,1.047,9,0.848,107.53
2627,17.16,24.18,4,0,0.783,0.935,9,0.913,88.85
1768,11.15,18.44,6,1,0.277,0.834,2,0.528,60.97
1156,0.0,18.99,1,0,0.941,1.05,13,0.74,49.11
2938,24.94,14.91,2,0,0.124,0.8,13,0.768,98.74
3698,2.59,16.42,4,0,0.875,0.968,23,0.585,108.29
1836,0.0,21.08,6,1,0.971,1.094,23,0.661,64.72
1491,3.58,24.02,1,0,0.177,1.019,4,0.72,51.72
3848,32.51,17.3,6,1,0.722,1.195,24,0.917,127.61
1640,22.75,15.75,3,0,0.04,1.103,12,0.965,65.45
1391,4.77,18.0,3,0,0.405,0.935,17,0.814,56.08
1266,4.76,21.01,5,0,0.516,1.003,2,0.697,53.55
3827,5.18,10.78,2,0,0.581,0.995,13,0.627,99.69
484,41.15,6.52,3,0,0.936,0.842,18,0.991,73.3
2644,15.73,15.25,7,1,0.672,0.906,15,0.992,89.88
211,16.45,11.9,6,1,0.481,0.944,8,0.962,33.62
1830,25.45,15.46,2,0,0.81,0.8,15,0.893,79.83
3573,13.58,17.26,7,1,0.951,1.005,1,0.663,102.36
3524,6.11,15.73,3,0,0.022,0.975,20,0.909,91.67
2746,7.05,25.26,5,0,0.983,0.833,10,0.704,91.44
953,8.93,19.63,4,0,0.086,1.04,12,0.663,42.21
2282,9.44,19.5,5,0,0.814,1.072,5,0.872,79.06
2974,20.91,21.11,7,1,0.28,1.023,9,0.54,94.96
3096,10.78,12.31,1,0,0.132,0.968,23,0.524,95.65
289,20.99,23.2,3,0,0.44,1.059,8,0.724,40.53
975,8.79,17.62,7,1,0.644,1.068,16,0.723,51.96
2852,11.18,21.35,1,0,0.381,1.031,14,0.948,85.44
3217,0.0,12.64,1,0,0.055,0.918,13,0.563,63.07
1825,23.74,10.23,6,1,0.599,1.028,23,0.562,75.54
3269,15.2,22.09,2,0,0.902,1.12,21,0.574,103.74
617,24.97,19.88,6,1,0.383,0.94,13,0.515,51.57
314,0.0,13.49,3,0,0.216,1.21,5,0.536,17.64
816,41.33,13.65,1,0,0.443,0.947,16,0.83,69.57
3467,7.91,23.63,7,1,0.048,1.003,11,0.716,88.85
1025,26.62,12.05,4,0,0.82,0.933,22,0.882,64.71
3772,0.0,26.21,1,0,0.826,1.022,5,0.996,105.95
1849,19.19,13.5,7,1,0.588,0.826,13,0.83,67.76
1716,0.0,21.19,4,0,0.353,0.945,11,0.525,44.32
3346,0.64,16.36,6,1,0.8,0.891,19,0.552,94.1
612,38.71,21.02,6,1,0.555,1.014,3,0.941,68.29
3647,7.14,15.28,2,0,0.826,1.099,15,0.764,106.63
3691,13.26,17.19,7,1,0.631,1.065,7,0.912,105.47
928,23.05,18.2,1,0,0.784,0.8,7,0.928,66.22
3548,17.44,12.99,5,0,0.599,1.204,6,0.964,107.59
3268,12.26,21.7,6,1,0.414,1.03,3,0.975,91.47
3008,15.47,15.43,6,1,0.958,0.922,13,0.777,99.76
875,46.05,16.86,2,0,0.541,1.016,7,0.671,74.44
3665,9.14,13.03,4,0,0.605,1.018,5,0.981,97.27
2092,13.02,5.19,2,0,0.22,0.933,23,0.774,70.73
2704,25.76,17.04,1,0,0.626,1.02,18,0.532,97.23
3167,26.58,30.06,7,1,0.572,0.939,22,0.821,112.31
2439,27.81,21.92,3,0,0.185,0.96,8,0.794,74.2
2986,19.58,17.9,3,0,0.06,0.931,17,0.948,86.34
3960,0.0,16.69,7,1,0.604,0.857,20,0.827,96.03
1322,34.5,18.11,4,0,0.764,1.015,1,0.675,74.65
1771,0.0,20.74,6,1,0.523,1.059,14,0.983,51.57
1177,14.54,12.1,4,0,0.227,1.051,17,0.901,52.76
1208,0.0,23.57,6,1,0.667,1.082,10,0.815,54.49
2343,9.04,21.58,6,1,0.08,1.032,12,0.646,69.52
1887,14.93,21.59,3,0,0.442,0.947,16,0.687,66.99
2910,14.82,20.19,4,0,0.163,1.084,14,0.835,88.23
3461,16.33,18.1,2,0,0.184,0.864,16,0.536,108.37
236,34.21,21.36,6,1,0.202,0.91,8,0.628,56.11
3640,16.8,20.96,5,0,0.387,0.904,23,0.857,102.39
3966,6.34,16.23,5,0,0.051,1.108,10,0.74,89.06
1748,24.46,15.13,2,0,0.398,1.094,17,0.701,64.66
2526,27.84,18.51,5,0,0.512,1.049,18,0.576,89.44
2464,0.0,25.75,1,0,0.483,1.107,20,0.721,76.66
3114,18.96,11.8,6,1,0.383,0.912,16,0.885,91.11
1072,20.52,10.66,2,0,0.839,1.035,17,0.632,56.68
2021,5.54,18.82,4,0,0.145,0.987,16,0.503,66.44
1496,30.64,18.25,6,1,0.506,1.085,19,0.834,79.49
2309,7.75,18.87,2,0,0.062,0.988,24,0.986,61.42
795,11.88,19.22,3,0,0.071,0.962,24,0.803,48.19
2103,7.4,16.88,4,0,0.574,1.054,8,0.56,69.96
928,10.23,25.45,3,0,0.566,1.088,6,0.66,52.4
1565,0.0,10.0,6,1,0.878,0.933,6,0.934,48.42
596,0.0,13.86,4,0,0.558,0.994,21,0.616,32.58
898,33.92,17.48,5,0,0.96,0.894,9,0.804,61.07
3290,0.0,9.78,2,0,0.049,0.8,4,0.701,76.96
2424,0.0,17.12,6,1,0.098,1.02,12,0.604,57.12
1835,0.0,26.31,1,0,0.044,1.061,12,0.907,49.76
595,0.42,18.1,4,0,0.185,1.026,23,0.871,26.54
2692,0.0,19.15,4,0,0.541,0.805,17,0.831,85.64
3504,34.63,11.7,7,1,0.646,0.965,15,0.618,114.47
275,25.15,14.92,6,1,0.046,0.8,9,0.549,41.17
464,0.0,16.12,6,1,0.946,1.137,7,0.788,33.51
2702,43.79,16.41,3,0,0.842,0.891,10,0.777,108.76
2019,24.73,24.41,7,1,0.297,1.126,16,0.594,76.56
917,5.13,20.79,5,0,0.077,1.095,12,0.528,34.45
2982,0.0,12.44,3,0,0.17,0.91,7,0.54,70.14
3655,44.36,19.23,7,1,0.127,0.887,18,0.996,128.52
3835,0.0,20.49,3,0,0.123,1.035,15,0.892,90.94
1050,0.0,23.7,5,0,0.519,0.916,6,0.961,39.89
3777,25.34,25.9,7,1,0.246,1.01,12,0.598,111.64
1590,46.6,12.92,7,1,0.358,0.952,11,0.98,78.24
343,30.76,13.95,1,0,0.99,0.822,20,0.571,52.9
1084,18.46,11.71,3,0,0.684,0.8,3,0.755,58.41
3340,18.92,16.83,3,0,0.949,1.023,2,0.915,102.54
3370,22.8,20.33,4,0,0.143,0.944,6,0.675,97.54
595,21.38,22.94,5,0,0.382,0.945,24,0.712,50.07
3296,14.22,17.62,2,0,0.555,1.07,22,0.564,99.44
3195,11.56,16.4,1,0,0.077,1.117,5,0.561,85.86
3138,9.06,18.76,7,1,0.004,0.973,18,0.81,82.42
1692,0.0,13.82,7,1,0.67,0.966,16,0.838,56.51
3755,5.79,28.45,7,1,0.642,1.05,8,0.889,113.07
3836,0.0,9.96,1,0,0.411,0.864,20,0.778,89.76
3422,8.52,18.92,7,1,0.49,1.022,22,0.823,96.47
1367,0.0,28.12,7,1,0.415,1.055,11,0.507,54.14
2816,0.0,18.03,5,0,0.024,1.068,10,0.581,76.18
1262,12.7,17.05,6,1,0.335,0.806,24,0.992,49.94
2356,30.88,16.21,6,1,0.177,0.924,12,0.538,77.68
3964,23.77,17.1,4,0,0.098,0.912,21,0.839,114.62
1265,0.0,24.86,4,0,0.957,1.01,6,0.588,53.36
1409,0.0,6.94,7,1,0.599,1.048,20,0.858,50.14
3182,24.11,25.67,5,0,0.729,1.15,5,0.853,110.93
2645,0.0,10.88,7,1,0.315,0.951,23,0.617,69.8
3494,6.63,16.67,4,0,0.393,0.95,9,0.635,97.36
833,18.25,15.85,1,0,0.237,1.115,16,0.827,44.14
1356,0.0,20.94,1,0,0.097,1.03,22,0.695,46.7
3434,11.58,10.01,2,0,0.179,1.127,14,0.597,83.76
1438,0.0,20.31,6,1,0.798,1.029,22,0.866,57.27
932,0.98,28.12,5,0,0.678,0.884,8,0.577,38.74
434,14.8,11.18,3,0,0.547,0.867,20,0.928,34.73
2905,0.0,18.95,6,1,0.475,0.845,19,0.757,88.95
950,16.61,14.69,3,0,0.922,1.066,14,0.553,48.54
2835,9.71,20.13,2,0,0.073,1.119,7,0.847,76.64
3280,18.29,18.1,2,0,0.281,1.185,5,0.76,99.12
3345,13.36,14.79,7,1,0.35,1.084,18,0.649,106.74
1153,30.46,20.44,4,0,0.782,1.116,2,0.711,70.87
2739,11.88,27.02,2,0,0.993,0.942,11,0.649,97.15
3160,3.56,17.05,2,0,0.241,0.884,22,0.632,84.98
3524,11.83,21.6,3,0,0.874,1.085,8,0.582,111.55
3501,18.15,11.53,4,0,0.831,1.042,1,0.681,105.22
1742,10.73,13.22,2,0,0.225,1.011,22,0.625,57.13
1397,10.61,20.36,6,1,0.399,1.039,12,0.842,61.78
1876,0.0,25.42,2,0,0.41,1.032,2,0.842,54.66
1391,0.06,19.78,4,0,0.978,1.128,18,0.751,49.84
2417,0.0,16.43,7,1,0.181,1.129,7,0.889,53.39
1616,36.24,18.0,5,0,0.799,1.054,17,0.921,86.4
3193,0.0,11.75,4,0,0.334,1.085,22,0.79,81.86
3042,0.0,21.02,3,0,0.731,1.051,23,0.809,93.99
2881,0.0,22.41,5,0,0.42,0.954,14,0.641,82.53
1417,23.42,15.74,6,1,0.578,1.076,24,0.947,71.22
1740,5.58,15.65,1,0,0.833,0.861,7,0.512,66.73
2276,28.72,19.33,4,0,0.804,1.105,22,0.674,96.88
3436,0.0,15.82,7,1,0.866,0.881,3,0.861,84.07
1645,14.18,17.67,3,0,0.06,1.029,6,0.54,48.23
2586,0.0,28.5,6,1,0.692,0.915,20,0.592,88.74
3919,42.18,16.76,5,0,0.14,1.055,2,0.795,111.98
1719,0.0,16.21,6,1,0.416,0.997,17,0.78,52.82
1588,14.65,14.76,4,0,0.549,0.841,12,0.869,77.6
2056,19.51,21.72,2,0,0.403,1.042,12,0.906,79.52
1565,16.21,17.09,7,1,0.52,0.942,17,0.564,64.66
699,7.22,14.75,4,0,0.997,1.088,10,0.509,36.66
1880,8.05,24.61,1,0,0.135,1.0,3,0.845,67.36
710,10.66,25.1,4,0,0.675,1.04,20,0.651,57.48
3598,7.79,15.0,5,0,0.396,0.904,18,0.813,100.46
416,24.46,8.67,5,0,0.133,0.941,13,0.575,38.11
1524,43.16,23.04,4,0,0.159,0.954,12,0.735,85.37
1355,1.64,14.58,5,0,0.949,1.086,17,0.752,54.29
2027,0.0,21.95,2,0,0.88,1.168,4,0.793,61.04
3341,8.68,8.15,6,1,0.907,0.919,23,0.757,103.12
3523,48.7,22.46,4,0,0.992,1.108,10,0.748,138.27
3686,0.0,11.94,7,1,0.208,0.8,11,0.666,88.73
2010,34.59,21.65,2,0,0.355,0.881,6,0.536,85.22
2692,35.17,18.07,6,1,0.669,0.904,6,0.545,105.16
3123,1.7,13.23,7,1,0.484,0.865,9,0.717,80.32
1405,18.53,15.96,7,1,0.418,0.842,15,0.678,61.22
2414,34.43,21.43,7,1,0.358,1.041,2,0.758,92.65
290,4.31,18.53,6,1,0.594,0.979,4,0.652,43.43
913,6.95,20.92,2,0,0.576,1.038,5,0.844,48.42
2081,1.27,27.88,7,1,0.161,1.069,17,0.932,77.03
3802,0.0,10.18,7,1,0.472,1.027,8,0.649,90.56
238,0.26,26.09,3,0,0.553,1.066,8,0.596,27.17
3397,0.0,18.52,4,0,0.57,0.993,22,0.558,86.98
3722,10.51,13.51,6,1,0.21,0.881,12,0.808,104.37
372,0.0,11.35,6,1,0.742,1.106,21,0.722,26.02
852,13.51,17.05,5,0,0.025,0.941,8,0.594,48.2
953,0.0,22.61,6,1,0.355,0.906,19,0.827,36.31
1443,14.96,17.36,2,0,0.78,0.982,3,0.574,66.55
3909,22.5,25.56,6,1,0.564,0.909,18,0.777,114.86
1281,0.0,10.74,3,0,0.261,0.958,21,0.764,39.0
1883,15.61,17.94,4,0,0.695,1.034,19,0.867,75.35
2723,28.42,11.74,4,0,0.567,1.035,19,0.528,94.28
655,0.0,19.82,6,1,0.796,0.91,15,0.944,38.61
1028,35.09,22.43,7,1,0.735,0.951,6,0.851,71.85
1094,16.29,15.9,1,0,0.61,1.107,16,0.608,60.84
1584,0.0,5.0,1,0,0.488,1.05,8,0.592,33.47
2158,9.16,18.99,7,1,0.133,1.208,16,0.716,63.97
3272,18.37,20.18,7,1,0.261,1.118,18,0.909,105.82
2634,11.14,20.02,7,1,0.419,1.114,20,0.921,86.7
2196,18.08,24.18,2,0,0.599,0.861,16,0.76,90.62
2595,0.0,12.64,1,0,0.514,1.076,11,0.93,73.02
389,12.54,21.4,7,1,0.288,0.995,7,0.503,29.52
704,0.0,23.96,2,0,0.006,0.945,17,0.518,34.56
1414,8.33,9.11,5,0,0.496,1.017,17,0.956,52.54
1731,0.0,19.6,2,0,0.286,1.095,12,0.888,63.64
3640,0.0,15.48,1,0,0.735,1.05,13,0.725,99.47
3680,28.54,17.59,6,1,0.024,0.912,10,0.877,111.21
1023,26.37,19.74,5,0,0.585,1.074,7,0.978,65.64
1128,19.14,15.56,1,0,0.941,0.936,14,0.886,66.32
1133,0.0,14.62,2,0,0.174,1.022,23,0.921,41.7
1340,5.25,18.17,3,0,0.472,0.97,1,0.88,46.13
333,28.2,12.56,4,0,0.091,0.978,17,0.584,44.65
2305,12.13,12.57,1,0,0.626,1.077,4,0.917,77.41
3827,44.79,21.4,7,1,0.551,0.896,21,0.598,142.93
884,15.9,12.26,2,0,0.407,1.195,5,0.946,48.83
2919,12.88,21.33,7,1,0.521,0.818,20,0.729,100.71
2420,5.36,20.31,7,1,0.897,0.94,24,0.838,89.11
2052,12.0,9.37,7,1,0.196,1.037,23,0.749,68.31
1014,7.71,14.61,7,1,0.023,1.058,7,0.547,30.48
1372,20.62,23.97,7,1,0.862,0.99,10,0.645,66.13
279,24.35,13.09,5,0,0.577,0.994,17,0.992,44.12
3133,0.0,15.68,1,0,0.891,1.041,7,0.98,86.19
3484,0.0,20.31,1,0,0.597,0.977,1,0.66,96.08
402,0.0,21.92,4,0,0.81,1.139,7,0.998,19.35
3011,17.62,16.74,2,0,0.43,1.084,24,0.923,91.17
1452,0.0,15.01,3,0,0.75,1.087,11,0.805,50.12
1899,0.0,25.11,5,0,0.913,0.903,9,0.52,61.95
1450,15.83,26.69,2,0,0.572,0.992,12,0.951,63.2
1882,47.39,22.89,5,0,0.181,0.97,3,0.779,88.12
1755,9.91,18.43,1,0,0.269,0.899,4,0.934,52.74
3712,22.58,13.96,7,1,0.199,1.036,4,0.917,99.6
3673,11.23,13.85,4,0,0.247,0.946,13,0.917,103.78
2294,8.52,20.61,4,0,0.306,1.066,23,0.849,77.57
1456,23.79,20.09,6,1,0.555,0.893,19,0.646,76.04
3576,5.65,25.01,3,0,0.588,1.172,10,0.668,100.19
1749,14.01,21.25,4,0,0.426,0.91,5,0.654,69.77
1366,14.83,10.48,7,1,0.615,1.022,7,0.51,59.99
3686,0.0,23.26,1,0,0.082,1.079,24,0.791,96.77
3784,24.88,13.01,3,0,0.088,0.943,16,0.849,104.94
1596,7.38,16.08,2,0,0.172,1.085,1,0.927,46.53
3837,0.0,19.25,7,1,0.518,0.877,12,0.57,103.03
3530,18.05,27.98,7,1,0.214,1.145,2,0.772,100.25
2903,0.0,33.55,4,0,0.283,1.001,7,0.504,74.74
670,10.42,21.03,3,0,0.4,0.94,11,0.548,38.88
3218,9.86,17.08,1,0,0.812,0.97,13,0.527,104.67
1235,26.29,20.67,6,1,0.014,1.081,2,0.863,54.2
1553,17.12,22.44,5,0,0.649,0.942,7,0.541,69.45
2983,9.62,16.4,5,0,0.669,0.925,15,0.858,87.01
3031,22.27,26.98,1,0,0.799,0.978,11,0.625,111.02
1167,30.85,19.15,1,0,0.933,0.882,2,0.939,74.87
557,18.37,20.49,5,0,0.02,1.182,7,0.907,31.02
3219,10.16,21.33,6,1,0.154,0.943,4,0.979,88.02
3679,0.0,20.11,3,0,0.886,1.083,11,0.942,91.81
867,0.0,22.19,5,0,0.459,1.021,2,0.967,33.14
572,5.42,14.91,1,0,0.565,0.902,16,0.929,36.45
1231,0.86,15.21,4,0,0.663,0.999,7,0.847,54.19
1345,7.2,12.5,2,0,0.679,1.078,13,0.585,54.58
1571,10.85,20.2,6,1,0.932,0.981,5,0.636,61.84
2923,17.95,21.89,7,1,0.997,1.119,17,0.606,102.23
289,8.94,20.29,6,1,0.72,1.102,21,0.802,44.8
3919,17.3,26.37,4,0,0.287,1.092,12,0.752,109.54
2945,10.97,17.97,4,0,0.88,0.954,19,0.934,101.04
3587,0.0,21.34,7,1,0.049,0.892,7,0.976,82.63
3449,0.0,12.54,1,0,0.231,0.939,6,0.702,75.94
739,7.84,16.06,5,0,0.897,1.02,8,0.753,42.49
2979,0.0,21.48,3,0,0.256,1.055,13,0.986,69.98
1068,19.0,22.25,6,1,0.221,0.8,5,0.638,41.63
240,32.96,16.53,7,1,0.138,0.999,2,0.896,41.69
939,28.28,17.64,6,1,0.859,1.016,9,0.613,65.48
3975,6.8,10.41,4,0,0.5,0.972,11,0.841,102.23
2146,32.36,16.21,5,0,0.675,1.129,24,0.627,93.8
2749,12.23,22.45,6,1,0.239,1.042,6,0.942,93.02
3206,4.94,20.88,3,0,0.758,1.131,7,0.781,92.83
3416,0.8,20.5,4,0,0.76,0.978,7,0.593,85.83
1424,5.46,18.25,3,0,0.313,1.094,19,0.612,46.76
1128,4.18,18.04,5,0,0.411,1.164,6,0.747,42.88
2236,12.56,14.7,6,1,0.21,1.131,11,0.981,66.38
3995,12.41,21.49,2,0,0.977,0.891,11,0.885,112.38
2708,10.05,20.1,6,1,0.646,0.975,7,0.744,83.74
2979,16.55,20.46,5,0,0.935,0.965,2,0.669,97.45
2999,27.86,15.37,6,1,0.303,1.049,19,0.775,108.18
1124,24.24,7.23,7,1,0.782,1.069,4,0.874,53.84
3156,0.0,23.49,6,1,0.766,0.916,6,0.892,86.06
1781,0.0,15.61,1,0,0.692,1.007,17,0.662,66.86
3818,24.01,13.69,6,1,0.966,0.8,5,0.861,120.04
3524,0.0,21.47,6,1,0.394,1.144,7,0.829,84.61
589,6.63,16.04,3,0,0.131,0.949,9,0.98,26.19
1817,0.0,23.3,2,0,0.672,1.006,1,0.966,52.29
3130,0.0,21.09,3,0,0.729,0.969,1,0.895,84.77
455,18.12,21.42,3,0,0.575,1.115,19,0.862,53.79
908,21.39,11.17,4,0,0.207,0.8,6,0.637,53.91
2038,1.35,24.06,1,0,0.504,0.998,18,0.923,59.41
2144,0.0,19.31,3,0,0.312,0.989,10,0.714,64.56
2697,1.81,16.15,7,1,0.427,0.955,11,0.636,74.0
209,15.88,18.72,5,0,0.645,1.173,1,0.692,34.91
3071,0.0,9.12,7,1,0.745,0.911,1,0.918,75.37
997,12.75,20.04,5,0,0.232,1.077,13,0.574,37.94
3513,9.77,12.85,6,1,0.405,1.036,5,0.728,95.27
3522,18.69,11.24,4,0,0.269,1.126,20,0.746,94.45
1076,11.79,10.39,1,0,0.199,0.933,1,0.518,35.69
1228,0.0,23.56,7,1,0.783,0.927,20,0.598,56.18
3390,27.95,14.85,1,0,0.909,1.11,3,0.913,103.04
1215,7.62,25.67,7,1,0.37,1.043,18,0.915,47.58
2024,9.59,15.32,6,1,0.751,0.846,9,0.646,75.88
573,0.0,9.46,5,0,0.897,0.946,14,0.937,34.46
3336,3.35,12.42,2,0,0.846,1.039,17,0.886,90.09
2393,0.0,24.18,4,0,0.183,1.084,23,0.709,70.22
423,7.41,17.22,7,1,0.956,0.932,14,0.874,44.89
1462,35.68,15.26,7,1,0.377,0.8,4,0.981,77.88
2424,0.0,18.8,6,1,0.339,1.052,5,0.729,58.91
2002,0.0,20.51,4,0,0.062,0.878,21,0.619,52.41
1052,32.07,23.59,5,0,0.486,0.8,17,0.971,73.92
3553,6.86,25.24,5,0,0.109,0.8,22,0.802,100.61
262,0.0,16.2,7,1,0.249,1.081,2,0.553,10.95
1440,25.6,11.37,2,0,0.317,1.013,23,0.786,61.68
3074,0.92,15.93,2,0,0.809,0.977,22,0.75,87.94
3042,37.39,19.3,1,0,0.875,1.139,5,0.928,115.15
888,20.17,13.18,4,0,0.302,1.064,4,0.765,46.48
1684,2.68,13.21,4,0,0.859,1.162,4,0.628,49.72
1833,42.36,19.72,5,0,0.857,0.861,6,0.838,95.27
2352,0.91,17.76,1,0,0.765,0.997,20,0.771,70.53
3370,21.13,18.16,6,1,0.147,0.838,21,0.617,96.06
710,14.49,14.21,4,0,0.69,0.977,13,0.787,47.1
584,29.53,16.85,1,0,0.945,0.975,22,0.911,63.94
604,33.42,13.38,1,0,0.683,1.063,5,0.514,61.25
3070,10.48,22.45,7,1,0.332,1.005,23,0.815,88.58
717,0.0,23.18,5,0,0.501,1.062,23,0.675,41.51
675,16.9,8.77,1,0,0.646,1.07,7,0.646,35.35
2200,0.0,13.35,2,0,0.511,1.215,20,0.696,62.96
2956,40.2,10.52,2,0,0.12,0.968,1,0.671,100.96
1868,12.05,14.75,3,0,0.312,0.906,14,0.916,65.99
2093,4.52,17.58,5,0,0.802,1.025,24,0.637,76.28
3018,12.77,10.75,7,1,0.861,0.92,4,0.867,94.1
1660,0.0,13.39,6,1,0.137,1.148,17,0.547,44.83
3294,0.0,12.98,3,0,0.952,0.972,21,0.976,95.43
3244,28.01,19.04,2,0,0.329,0.943,14,0.811,115.28
3836,0.15,18.35,7,1,0.662,0.953,16,0.853,98.41
2924,0.0,14.39,3,0,0.752,1.072,14,0.649,88.05
913,18.05,18.88,5,0,0.812,0.984,16,0.706,63.5
3729,27.79,15.27,7,1,0.946,0.936,24,0.612,124.5
282,20.78,16.64,5,0,0.313,1.167,20,0.966,40.37
1368,24.94,26.37,1,0,0.859,0.914,8,0.744,76.37
3356,0.0,24.7,4,0,0.132,1.004,24,0.815,92.75
